finca_id,finca,municipio,enfoque_productivo,semana,fecha_inicio,litros_leche,kg_maiz,kg_sorgo,costo_alimento,lluvia_mm,temperatura_promedio,animales_activos,incidencia_sanitaria,observacion
1,La Esperanza,San Pedro,Leche + maíz,1,2025-01-06,1276,192,99,993128,113.8,19.4,25,control preventivo,operación estable
2,El Progreso,Entrerríos,Leche + sorgo,1,2025-01-06,1698,186,134,908738,111.7,18.6,29,observación,control sanitario
3,Santa Lucía,Yarumal,Leche + maíz,1,2025-01-06,1720,229,157,956466,115.5,19.7,32,sin novedad,operación estable
4,Monte Verde,Santa Rosa,Leche + papa forrajera,1,2025-01-06,1933,219,158,980538,135.8,20.2,30,sin novedad,monitorear humedad
5,La Pradera,Donmatías,Leche + maíz,1,2025-01-06,1879,273,186,1090263,136.8,19.1,33,observación,monitorear humedad
6,Altos del Río,Belmira,Leche + pastos,1,2025-01-06,2012,264,203,1371186,120.6,18.8,38,seguimiento veterinario,atención prioritaria
7,Villa Norte,Carolina,Leche + sorgo,1,2025-01-06,2953,319,228,1598387,114.7,19.0,45,sin novedad,operación estable
8,Buenavista,Gómez Plata,Leche + maíz,1,2025-01-06,2721,293,238,1180412,136.2,18.4,43,sin novedad,monitorear humedad
9,Loma Clara,Angostura,Leche + pastos,1,2025-01-06,2690,350,265,2046637,126.4,20.0,50,sin novedad,operación estable
10,Bosque Alto,Yolombó,Leche + caña forrajera,1,2025-01-06,3256,357,273,1446421,100.7,19.9,51,sin novedad,operación estable
1,La Esperanza,San Pedro,Leche + maíz,2,2025-01-13,1489,171,116,876861,102.8,18.5,27,sin novedad,operación estable
2,El Progreso,Entrerríos,Leche + sorgo,2,2025-01-13,1826,193,145,1043501,129.0,19.9,28,sin novedad,monitorear humedad
3,Santa Lucía,Yarumal,Leche + maíz,2,2025-01-13,1835,209,143,1130631,102.2,19.6,29,observación,control sanitario
4,Monte Verde,Santa Rosa,Leche + papa forrajera,2,2025-01-13,2080,225,161,1124380,104.3,19.8,32,sin novedad,operación estable
5,La Pradera,Donmatías,Leche + maíz,2,2025-01-13,2237,282,193,1025212,108.8,20.4,36,sin novedad,operación estable
6,Altos del Río,Belmira,Leche + pastos,2,2025-01-13,2562,292,207,1147299,109.5,19.8,39,seguimiento veterinario,atención prioritaria
7,Villa Norte,Carolina,Leche + sorgo,2,2025-01-13,2342,327,234,1438564,107.8,18.3,42,sin novedad,operación estable
8,Buenavista,Gómez Plata,Leche + maíz,2,2025-01-13,2606,340,245,1479880,119.8,19.9,44,observación,control sanitario
9,Loma Clara,Angostura,Leche + pastos,2,2025-01-13,3027,338,251,1401268,108.2,19.4,48,control preventivo,operación estable
10,Bosque Alto,Yolombó,Leche + caña forrajera,2,2025-01-13,2784,342,274,1689418,125.0,19.5,48,sin novedad,operación estable
1,La Esperanza,San Pedro,Leche + maíz,3,2025-01-20,1246,185,123,734730,140.2,18.4,25,control preventivo,revisar alimentación
2,El Progreso,Entrerríos,Leche + sorgo,3,2025-01-20,1887,197,127,1086778,140.6,19.4,28,sin novedad,monitorear humedad
3,Santa Lucía,Yarumal,Leche + maíz,3,2025-01-20,1812,215,162,1137059,143.3,19.7,33,sin novedad,monitorear humedad
4,Monte Verde,Santa Rosa,Leche + papa forrajera,3,2025-01-20,1642,225,192,873035,110.4,20.6,31,control preventivo,operación estable
5,La Pradera,Donmatías,Leche + maíz,3,2025-01-20,2155,270,185,1082051,136.8,20.9,35,sin novedad,monitorear humedad
6,Altos del Río,Belmira,Leche + pastos,3,2025-01-20,2213,304,222,1155330,136.9,20.1,42,sin novedad,monitorear humedad
7,Villa Norte,Carolina,Leche + sorgo,3,2025-01-20,2693,333,235,1661257,135.7,19.6,41,sin novedad,monitorear humedad
8,Buenavista,Gómez Plata,Leche + maíz,3,2025-01-20,2343,347,242,1629586,130.5,19.9,43,sin novedad,monitorear humedad
9,Loma Clara,Angostura,Leche + pastos,3,2025-01-20,2762,354,269,1777260,112.8,19.2,49,sin novedad,operación estable
10,Bosque Alto,Yolombó,Leche + caña forrajera,3,2025-01-20,3305,384,296,2006371,112.7,18.4,50,sin novedad,operación estable
1,La Esperanza,San Pedro,Leche + maíz,4,2025-01-27,1543,203,137,770626,132.5,18.5,25,control preventivo,monitorear humedad
2,El Progreso,Entrerríos,Leche + sorgo,4,2025-01-27,1574,225,138,1202017,139.5,20.3,30,sin novedad,monitorear humedad
3,Santa Lucía,Yarumal,Leche + maíz,4,2025-01-27,1830,243,171,942763,126.9,21.1,29,sin novedad,operación estable
4,Monte Verde,Santa Rosa,Leche + papa forrajera,4,2025-01-27,2045,238,193,1002340,135.2,21.1,36,observación,monitorear humedad
5,La Pradera,Donmatías,Leche + maíz,4,2025-01-27,2165,269,190,1366036,124.6,19.7,35,control preventivo,operación estable
6,Altos del Río,Belmira,Leche + pastos,4,2025-01-27,2224,312,202,1548896,148.4,20.0,38,sin novedad,monitorear humedad
7,Villa Norte,Carolina,Leche + sorgo,4,2025-01-27,2742,337,226,1477344,127.6,18.9,45,seguimiento veterinario,atención prioritaria
8,Buenavista,Gómez Plata,Leche + maíz,4,2025-01-27,2799,351,258,1748510,143.7,20.5,43,sin novedad,monitorear humedad
9,Loma Clara,Angostura,Leche + pastos,4,2025-01-27,2541,380,273,1681779,142.2,19.4,45,sin novedad,monitorear humedad
10,Bosque Alto,Yolombó,Leche + caña forrajera,4,2025-01-27,3609,404,291,1457957,111.9,18.8,53,sin novedad,operación estable
1,La Esperanza,San Pedro,Leche + maíz,5,2025-02-03,1434,199,106,820147,109.4,21.2,21,sin novedad,operación estable
2,El Progreso,Entrerríos,Leche + sorgo,5,2025-02-03,1842,229,126,965565,119.1,19.0,27,control preventivo,operación estable
3,Santa Lucía,Yarumal,Leche + maíz,5,2025-02-03,2001,209,145,1118412,120.7,20.0,33,control preventivo,operación estable
4,Monte Verde,Santa Rosa,Leche + papa forrajera,5,2025-02-03,2469,227,179,1049330,127.2,19.3,36,sin novedad,operación estable
5,La Pradera,Donmatías,Leche + maíz,5,2025-02-03,2084,288,187,1002527,113.1,19.5,37,control preventivo,operación estable
6,Altos del Río,Belmira,Leche + pastos,5,2025-02-03,2101,272,208,1106611,140.0,21.4,39,sin novedad,monitorear humedad
7,Villa Norte,Carolina,Leche + sorgo,5,2025-02-03,2670,305,234,1438899,129.3,21.1,44,sin novedad,monitorear humedad
8,Buenavista,Gómez Plata,Leche + maíz,5,2025-02-03,2778,330,264,1867183,116.4,19.3,47,observación,control sanitario
9,Loma Clara,Angostura,Leche + pastos,5,2025-02-03,2641,378,268,1356379,133.5,18.8,46,sin novedad,monitorear humedad
10,Bosque Alto,Yolombó,Leche + caña forrajera,5,2025-02-03,3357,374,280,1447033,129.2,19.8,52,sin novedad,monitorear humedad
1,La Esperanza,San Pedro,Leche + maíz,6,2025-02-10,1293,190,112,790517,122.0,19.2,21,sin novedad,operación estable
2,El Progreso,Entrerríos,Leche + sorgo,6,2025-02-10,1329,234,152,863020,114.4,20.4,25,sin novedad,operación estable
3,Santa Lucía,Yarumal,Leche + maíz,6,2025-02-10,1839,237,142,928245,134.3,21.3,33,control preventivo,monitorear humedad
4,Monte Verde,Santa Rosa,Leche + papa forrajera,6,2025-02-10,1802,244,192,1003039,114.4,20.4,33,sin novedad,operación estable
5,La Pradera,Donmatías,Leche + maíz,6,2025-02-10,2353,283,196,1317848,114.8,20.4,36,sin novedad,operación estable
6,Altos del Río,Belmira,Leche + pastos,6,2025-02-10,2254,289,208,1514678,112.2,19.1,41,sin novedad,operación estable
7,Villa Norte,Carolina,Leche + sorgo,6,2025-02-10,2414,309,232,1248526,123.5,19.8,42,sin novedad,operación estable
8,Buenavista,Gómez Plata,Leche + maíz,6,2025-02-10,2589,344,253,1716261,140.9,21.5,44,sin novedad,monitorear humedad
9,Loma Clara,Angostura,Leche + pastos,6,2025-02-10,3162,354,297,1836067,131.3,19.7,49,sin novedad,monitorear humedad
10,Bosque Alto,Yolombó,Leche + caña forrajera,6,2025-02-10,2801,387,314,1521677,149.5,19.5,52,control preventivo,monitorear humedad
1,La Esperanza,San Pedro,Leche + maíz,7,2025-02-17,1513,171,105,866961,138.0,20.0,27,control preventivo,monitorear humedad
2,El Progreso,Entrerríos,Leche + sorgo,7,2025-02-17,1672,241,131,1153337,112.6,20.0,29,control preventivo,operación estable
3,Santa Lucía,Yarumal,Leche + maíz,7,2025-02-17,1923,228,170,844073,149.3,21.4,30,sin novedad,monitorear humedad
4,Monte Verde,Santa Rosa,Leche + papa forrajera,7,2025-02-17,2325,234,169,1379066,130.8,20.0,34,sin novedad,monitorear humedad
5,La Pradera,Donmatías,Leche + maíz,7,2025-02-17,2324,262,205,1147355,143.0,19.8,33,seguimiento veterinario,monitorear humedad
6,Altos del Río,Belmira,Leche + pastos,7,2025-02-17,2209,283,207,1222335,139.0,21.7,38,sin novedad,monitorear humedad
7,Villa Norte,Carolina,Leche + sorgo,7,2025-02-17,2304,301,260,1350172,117.5,19.8,39,sin novedad,operación estable
8,Buenavista,Gómez Plata,Leche + maíz,7,2025-02-17,3149,327,260,1891913,142.7,19.6,47,observación,monitorear humedad
9,Loma Clara,Angostura,Leche + pastos,7,2025-02-17,3112,373,280,1796615,125.7,21.5,47,seguimiento veterinario,atención prioritaria
10,Bosque Alto,Yolombó,Leche + caña forrajera,7,2025-02-17,3318,408,290,1800509,138.4,20.7,52,sin novedad,monitorear humedad
1,La Esperanza,San Pedro,Leche + maíz,8,2025-02-24,1460,189,118,667636,133.3,20.1,22,sin novedad,monitorear humedad
2,El Progreso,Entrerríos,Leche + sorgo,8,2025-02-24,1521,231,130,807751,144.1,21.7,27,sin novedad,monitorear humedad
3,Santa Lucía,Yarumal,Leche + maíz,8,2025-02-24,1753,223,148,840506,137.2,20.9,31,sin novedad,monitorear humedad
4,Monte Verde,Santa Rosa,Leche + papa forrajera,8,2025-02-24,1840,266,171,1011750,137.3,19.9,34,sin novedad,monitorear humedad
5,La Pradera,Donmatías,Leche + maíz,8,2025-02-24,1955,274,193,1280509,114.5,20.3,35,observación,control sanitario
6,Altos del Río,Belmira,Leche + pastos,8,2025-02-24,2483,326,221,1094348,127.7,22.2,36,sin novedad,operación estable
7,Villa Norte,Carolina,Leche + sorgo,8,2025-02-24,2569,304,232,1749572,115.2,21.8,45,sin novedad,operación estable
8,Buenavista,Gómez Plata,Leche + maíz,8,2025-02-24,2642,376,268,1697243,114.3,21.6,46,sin novedad,operación estable
9,Loma Clara,Angostura,Leche + pastos,8,2025-02-24,2819,358,266,1470088,122.8,20.9,49,sin novedad,operación estable
10,Bosque Alto,Yolombó,Leche + caña forrajera,8,2025-02-24,3124,384,310,1765025,121.9,20.8,49,control preventivo,operación estable
1,La Esperanza,San Pedro,Leche + maíz,9,2025-03-03,1508,213,108,690483,142.2,21.1,22,sin novedad,monitorear humedad
2,El Progreso,Entrerríos,Leche + sorgo,9,2025-03-03,1541,227,129,1061612,145.1,21.6,26,sin novedad,monitorear humedad
3,Santa Lucía,Yarumal,Leche + maíz,9,2025-03-03,2094,218,182,1140525,127.1,20.5,31,observación,control sanitario
4,Monte Verde,Santa Rosa,Leche + papa forrajera,9,2025-03-03,2334,289,203,1247598,130.7,21.8,32,sin novedad,monitorear humedad
5,La Pradera,Donmatías,Leche + maíz,9,2025-03-03,2213,283,190,1150396,141.4,22.2,38,sin novedad,monitorear humedad
6,Altos del Río,Belmira,Leche + pastos,9,2025-03-03,2296,329,239,1178569,108.8,20.2,40,seguimiento veterinario,atención prioritaria
7,Villa Norte,Carolina,Leche + sorgo,9,2025-03-03,3076,331,257,1253701,129.2,22.3,45,sin novedad,monitorear humedad
8,Buenavista,Gómez Plata,Leche + maíz,9,2025-03-03,2884,332,282,1967170,147.2,21.0,48,sin novedad,monitorear humedad
9,Loma Clara,Angostura,Leche + pastos,9,2025-03-03,2860,364,275,1704576,120.2,22.3,51,sin novedad,operación estable
10,Bosque Alto,Yolombó,Leche + caña forrajera,9,2025-03-03,3907,376,290,1834970,149.2,22.4,53,sin novedad,monitorear humedad
1,La Esperanza,San Pedro,Leche + maíz,10,2025-03-10,1637,203,111,823593,112.8,21.1,23,sin novedad,operación estable
2,El Progreso,Entrerríos,Leche + sorgo,10,2025-03-10,1614,242,129,760659,133.0,22.0,27,sin novedad,monitorear humedad
3,Santa Lucía,Yarumal,Leche + maíz,10,2025-03-10,2077,249,159,956999,125.3,21.4,29,sin novedad,operación estable
4,Monte Verde,Santa Rosa,Leche + papa forrajera,10,2025-03-10,2250,259,184,994928,134.3,20.3,36,sin novedad,monitorear humedad
5,La Pradera,Donmatías,Leche + maíz,10,2025-03-10,2278,296,209,1152792,144.5,22.6,34,sin novedad,monitorear humedad
6,Altos del Río,Belmira,Leche + pastos,10,2025-03-10,2772,333,209,1308853,123.5,22.0,41,sin novedad,operación estable
7,Villa Norte,Carolina,Leche + sorgo,10,2025-03-10,2446,322,243,1279695,127.6,20.8,40,sin novedad,operación estable
8,Buenavista,Gómez Plata,Leche + maíz,10,2025-03-10,2787,354,284,1275005,145.7,21.8,43,sin novedad,monitorear humedad
9,Loma Clara,Angostura,Leche + pastos,10,2025-03-10,3238,354,296,1496722,141.0,22.4,46,seguimiento veterinario,monitorear humedad
10,Bosque Alto,Yolombó,Leche + caña forrajera,10,2025-03-10,3874,390,317,1717588,142.9,20.9,54,control preventivo,monitorear humedad
1,La Esperanza,San Pedro,Leche + maíz,11,2025-03-17,1282,175,130,851074,123.9,21.9,21,sin novedad,operación estable
2,El Progreso,Entrerríos,Leche + sorgo,11,2025-03-17,1710,246,146,1006604,138.3,23.0,26,sin novedad,monitorear humedad
3,Santa Lucía,Yarumal,Leche + maíz,11,2025-03-17,1472,266,184,1019317,139.9,21.3,27,sin novedad,monitorear humedad
4,Monte Verde,Santa Rosa,Leche + papa forrajera,11,2025-03-17,2315,266,196,1228356,119.0,23.0,35,sin novedad,operación estable
5,La Pradera,Donmatías,Leche + maíz,11,2025-03-17,2303,292,191,1468197,126.7,21.2,39,control preventivo,operación estable
6,Altos del Río,Belmira,Leche + pastos,11,2025-03-17,2191,289,224,1159376,122.7,20.8,38,observación,control sanitario
7,Villa Norte,Carolina,Leche + sorgo,11,2025-03-17,2314,341,241,1319335,121.6,23.0,39,control preventivo,operación estable
8,Buenavista,Gómez Plata,Leche + maíz,11,2025-03-17,3313,344,266,1469666,135.2,21.8,46,sin novedad,monitorear humedad
9,Loma Clara,Angostura,Leche + pastos,11,2025-03-17,2972,358,271,1522154,133.0,21.6,47,sin novedad,monitorear humedad
10,Bosque Alto,Yolombó,Leche + caña forrajera,11,2025-03-17,2870,405,329,1750784,139.3,20.9,50,observación,monitorear humedad
1,La Esperanza,San Pedro,Leche + maíz,12,2025-03-24,1403,213,106,806636,139.5,22.2,22,control preventivo,monitorear humedad
2,El Progreso,Entrerríos,Leche + sorgo,12,2025-03-24,1694,223,160,992344,109.3,22.2,24,control preventivo,operación estable
3,Santa Lucía,Yarumal,Leche + maíz,12,2025-03-24,1907,249,185,1094762,115.8,23.0,32,sin novedad,operación estable
4,Monte Verde,Santa Rosa,Leche + papa forrajera,12,2025-03-24,1912,262,176,1208303,103.0,22.9,34,sin novedad,operación estable
5,La Pradera,Donmatías,Leche + maíz,12,2025-03-24,2306,299,215,1191140,116.5,21.6,33,sin novedad,operación estable
6,Altos del Río,Belmira,Leche + pastos,12,2025-03-24,2059,340,221,1400608,108.9,22.8,37,seguimiento veterinario,atención prioritaria
7,Villa Norte,Carolina,Leche + sorgo,12,2025-03-24,2904,329,261,1653757,137.4,21.3,44,sin novedad,monitorear humedad
8,Buenavista,Gómez Plata,Leche + maíz,12,2025-03-24,2879,354,262,1522341,101.8,22.2,47,sin novedad,operación estable
9,Loma Clara,Angostura,Leche + pastos,12,2025-03-24,2849,403,290,1961471,127.6,22.4,48,sin novedad,operación estable
10,Bosque Alto,Yolombó,Leche + caña forrajera,12,2025-03-24,3280,380,299,1691220,126.6,21.8,52,sin novedad,operación estable
1,La Esperanza,San Pedro,Leche + maíz,13,2025-03-31,1604,180,142,647514,121.7,21.2,23,seguimiento veterinario,atención prioritaria
2,El Progreso,Entrerríos,Leche + sorgo,13,2025-03-31,1834,214,144,1025711,127.9,22.4,27,sin novedad,operación estable
3,Santa Lucía,Yarumal,Leche + maíz,13,2025-03-31,1781,260,184,1248173,122.2,22.2,31,observación,control sanitario
4,Monte Verde,Santa Rosa,Leche + papa forrajera,13,2025-03-31,1829,272,190,921513,128.8,23.5,30,sin novedad,monitorear humedad
5,La Pradera,Donmatías,Leche + maíz,13,2025-03-31,2288,277,209,1076054,139.6,23.5,33,sin novedad,monitorear humedad
6,Altos del Río,Belmira,Leche + pastos,13,2025-03-31,2420,310,229,1331300,124.9,23.5,39,control preventivo,operación estable
7,Villa Norte,Carolina,Leche + sorgo,13,2025-03-31,2335,334,260,1324908,125.4,22.9,41,sin novedad,operación estable
8,Buenavista,Gómez Plata,Leche + maíz,13,2025-03-31,3083,353,284,1231705,131.3,21.3,43,sin novedad,monitorear humedad
9,Loma Clara,Angostura,Leche + pastos,13,2025-03-31,2852,394,298,1554246,106.9,23.1,50,sin novedad,operación estable
10,Bosque Alto,Yolombó,Leche + caña forrajera,13,2025-03-31,2823,408,293,1400188,107.2,21.4,50,sin novedad,operación estable
1,La Esperanza,San Pedro,Leche + maíz,14,2025-04-07,1660,183,137,1028211,130.9,23.1,26,sin novedad,monitorear humedad
2,El Progreso,Entrerríos,Leche + sorgo,14,2025-04-07,1715,212,152,1098835,112.2,22.8,28,observación,control sanitario
3,Santa Lucía,Yarumal,Leche + maíz,14,2025-04-07,2179,269,164,1136929,115.1,22.3,33,sin novedad,operación estable
4,Monte Verde,Santa Rosa,Leche + papa forrajera,14,2025-04-07,1816,254,191,896600,101.9,21.3,30,sin novedad,operación estable
5,La Pradera,Donmatías,Leche + maíz,14,2025-04-07,2197,279,214,1125098,97.3,23.5,38,sin novedad,operación estable
6,Altos del Río,Belmira,Leche + pastos,14,2025-04-07,2258,338,232,1181467,105.5,22.9,40,control preventivo,operación estable
7,Villa Norte,Carolina,Leche + sorgo,14,2025-04-07,2810,321,254,1357524,129.6,22.8,39,sin novedad,monitorear humedad
8,Buenavista,Gómez Plata,Leche + maíz,14,2025-04-07,2952,373,253,1595402,115.2,21.5,45,seguimiento veterinario,atención prioritaria
9,Loma Clara,Angostura,Leche + pastos,14,2025-04-07,3289,383,294,1432272,102.3,21.3,47,seguimiento veterinario,atención prioritaria
10,Bosque Alto,Yolombó,Leche + caña forrajera,14,2025-04-07,3506,416,315,1433206,115.9,23.4,52,sin novedad,operación estable
1,La Esperanza,San Pedro,Leche + maíz,15,2025-04-14,1692,215,118,738016,96.2,23.1,25,sin novedad,operación estable
2,El Progreso,Entrerríos,Leche + sorgo,15,2025-04-14,2207,202,133,1166373,99.2,23.0,30,sin novedad,operación estable
3,Santa Lucía,Yarumal,Leche + maíz,15,2025-04-14,2105,264,181,1031213,107.5,23.5,31,control preventivo,operación estable
4,Monte Verde,Santa Rosa,Leche + papa forrajera,15,2025-04-14,2349,276,187,910475,102.7,22.3,32,sin novedad,operación estable
5,La Pradera,Donmatías,Leche + maíz,15,2025-04-14,2260,272,219,1280865,122.0,21.3,33,sin novedad,operación estable
6,Altos del Río,Belmira,Leche + pastos,15,2025-04-14,2476,339,242,1532734,105.7,21.5,38,observación,control sanitario
7,Villa Norte,Carolina,Leche + sorgo,15,2025-04-14,2610,343,254,1595201,124.7,21.3,40,seguimiento veterinario,atención prioritaria
8,Buenavista,Gómez Plata,Leche + maíz,15,2025-04-14,2761,373,269,1469247,105.4,21.3,44,observación,control sanitario
9,Loma Clara,Angostura,Leche + pastos,15,2025-04-14,2517,402,275,1708224,112.9,22.6,45,observación,control sanitario
10,Bosque Alto,Yolombó,Leche + caña forrajera,15,2025-04-14,3373,388,314,1830173,109.4,22.1,54,seguimiento veterinario,atención prioritaria
1,La Esperanza,San Pedro,Leche + maíz,16,2025-04-21,1431,185,136,875101,88.8,24.0,24,sin novedad,operación estable
2,El Progreso,Entrerríos,Leche + sorgo,16,2025-04-21,1510,243,129,776699,112.0,23.8,24,sin novedad,operación estable
3,Santa Lucía,Yarumal,Leche + maíz,16,2025-04-21,2150,221,177,1152742,94.3,22.0,30,sin novedad,operación estable
4,Monte Verde,Santa Rosa,Leche + papa forrajera,16,2025-04-21,1939,277,183,1300909,91.4,22.0,33,observación,control sanitario
5,La Pradera,Donmatías,Leche + maíz,16,2025-04-21,2544,304,200,1151124,113.1,22.0,39,sin novedad,operación estable
6,Altos del Río,Belmira,Leche + pastos,16,2025-04-21,2897,321,217,1179191,122.5,22.0,40,sin novedad,operación estable
7,Villa Norte,Carolina,Leche + sorgo,16,2025-04-21,2519,309,259,1358728,108.1,23.4,39,sin novedad,operación estable
8,Buenavista,Gómez Plata,Leche + maíz,16,2025-04-21,3032,336,251,1639531,109.0,23.4,46,observación,control sanitario
9,Loma Clara,Angostura,Leche + pastos,16,2025-04-21,3292,368,308,1958490,90.5,23.4,49,sin novedad,operación estable
10,Bosque Alto,Yolombó,Leche + caña forrajera,16,2025-04-21,3527,412,316,1772534,106.4,22.9,51,sin novedad,operación estable
1,La Esperanza,San Pedro,Leche + maíz,17,2025-04-28,1267,175,105,613401,103.8,22.7,21,control preventivo,operación estable
2,El Progreso,Entrerríos,Leche + sorgo,17,2025-04-28,1463,226,162,901892,82.0,22.7,24,sin novedad,operación estable
3,Santa Lucía,Yarumal,Leche + maíz,17,2025-04-28,1865,262,149,1290315,109.1,22.4,32,sin novedad,operación estable
4,Monte Verde,Santa Rosa,Leche + papa forrajera,17,2025-04-28,1934,249,201,935631,117.2,21.7,34,control preventivo,operación estable
5,La Pradera,Donmatías,Leche + maíz,17,2025-04-28,2014,281,216,1244371,108.5,23.6,33,control preventivo,operación estable
6,Altos del Río,Belmira,Leche + pastos,17,2025-04-28,2578,285,220,1455004,96.2,22.2,39,sin novedad,operación estable
7,Villa Norte,Carolina,Leche + sorgo,17,2025-04-28,2697,339,232,1436250,114.1,22.6,42,observación,control sanitario
8,Buenavista,Gómez Plata,Leche + maíz,17,2025-04-28,2698,350,268,1660217,87.2,23.5,44,sin novedad,operación estable
9,Loma Clara,Angostura,Leche + pastos,17,2025-04-28,2832,381,306,1423010,100.7,22.9,49,control preventivo,operación estable
10,Bosque Alto,Yolombó,Leche + caña forrajera,17,2025-04-28,3293,420,304,1969705,86.8,21.9,51,sin novedad,operación estable
1,La Esperanza,San Pedro,Leche + maíz,18,2025-05-05,1519,204,131,949680,78.1,22.5,23,observación,control sanitario
2,El Progreso,Entrerríos,Leche + sorgo,18,2025-05-05,1467,216,159,953323,113.7,22.4,24,control preventivo,operación estable
3,Santa Lucía,Yarumal,Leche + maíz,18,2025-05-05,1809,255,179,852672,112.7,24.3,30,control preventivo,operación estable
4,Monte Verde,Santa Rosa,Leche + papa forrajera,18,2025-05-05,2172,271,182,955362,83.4,23.5,34,sin novedad,operación estable
5,La Pradera,Donmatías,Leche + maíz,18,2025-05-05,1914,301,221,1144021,77.5,23.6,33,sin novedad,operación estable
6,Altos del Río,Belmira,Leche + pastos,18,2025-05-05,2233,286,231,1222439,95.6,24.3,38,sin novedad,operación estable
7,Villa Norte,Carolina,Leche + sorgo,18,2025-05-05,2840,325,229,1761630,95.6,24.3,43,observación,control sanitario
8,Buenavista,Gómez Plata,Leche + maíz,18,2025-05-05,3128,347,271,1950471,115.2,24.3,48,sin novedad,operación estable
9,Loma Clara,Angostura,Leche + pastos,18,2025-05-05,3315,370,302,1878353,79.6,24.0,46,control preventivo,operación estable
10,Bosque Alto,Yolombó,Leche + caña forrajera,18,2025-05-05,3725,394,296,1560461,76.8,24.2,54,sin novedad,operación estable
1,La Esperanza,San Pedro,Leche + maíz,19,2025-05-12,1417,190,129,761944,95.7,23.8,26,observación,control sanitario
2,El Progreso,Entrerríos,Leche + sorgo,19,2025-05-12,1911,220,152,741675,106.5,21.9,27,control preventivo,operación estable
3,Santa Lucía,Yarumal,Leche + maíz,19,2025-05-12,1850,223,178,992266,111.1,24.4,28,observación,control sanitario
4,Monte Verde,Santa Rosa,Leche + papa forrajera,19,2025-05-12,1831,243,200,1121804,100.8,23.0,32,control preventivo,operación estable
5,La Pradera,Donmatías,Leche + maíz,19,2025-05-12,2123,308,201,1128687,91.3,23.1,37,sin novedad,operación estable
6,Altos del Río,Belmira,Leche + pastos,19,2025-05-12,2547,322,210,1375936,105.4,23.5,36,control preventivo,operación estable
7,Villa Norte,Carolina,Leche + sorgo,19,2025-05-12,3076,335,248,1512800,94.9,22.1,44,control preventivo,operación estable
8,Buenavista,Gómez Plata,Leche + maíz,19,2025-05-12,3248,328,259,1607913,79.6,24.4,48,seguimiento veterinario,atención prioritaria
9,Loma Clara,Angostura,Leche + pastos,19,2025-05-12,2817,363,276,1833616,105.8,23.7,47,sin novedad,operación estable
10,Bosque Alto,Yolombó,Leche + caña forrajera,19,2025-05-12,2574,377,307,1655639,78.9,22.2,48,control preventivo,operación estable
1,La Esperanza,San Pedro,Leche + maíz,20,2025-05-19,1706,178,135,839765,98.5,22.9,25,sin novedad,operación estable
2,El Progreso,Entrerríos,Leche + sorgo,20,2025-05-19,1808,224,144,943204,89.3,24.0,29,observación,control sanitario
3,Santa Lucía,Yarumal,Leche + maíz,20,2025-05-19,1883,232,164,976465,71.2,22.7,29,sin novedad,operación estable
4,Monte Verde,Santa Rosa,Leche + papa forrajera,20,2025-05-19,1823,279,187,889972,74.1,22.8,32,sin novedad,operación estable
5,La Pradera,Donmatías,Leche + maíz,20,2025-05-19,1937,273,207,1069493,79.7,23.3,36,control preventivo,operación estable
6,Altos del Río,Belmira,Leche + pastos,20,2025-05-19,2787,322,225,1139540,86.0,23.6,41,observación,control sanitario
7,Villa Norte,Carolina,Leche + sorgo,20,2025-05-19,2669,311,237,1285661,96.3,23.9,42,seguimiento veterinario,atención prioritaria
8,Buenavista,Gómez Plata,Leche + maíz,20,2025-05-19,2757,356,247,1711415,102.4,22.7,45,sin novedad,operación estable
9,Loma Clara,Angostura,Leche + pastos,20,2025-05-19,2909,363,274,1312644,95.8,22.8,45,sin novedad,operación estable
10,Bosque Alto,Yolombó,Leche + caña forrajera,20,2025-05-19,3006,363,304,1807645,81.1,23.6,49,sin novedad,operación estable
1,La Esperanza,San Pedro,Leche + maíz,21,2025-05-26,1449,162,129,655177,101.1,22.6,22,control preventivo,operación estable
2,El Progreso,Entrerríos,Leche + sorgo,21,2025-05-26,1381,234,148,728916,94.3,23.7,24,seguimiento veterinario,atención prioritaria
3,Santa Lucía,Yarumal,Leche + maíz,21,2025-05-26,1997,250,164,936276,74.3,22.7,33,control preventivo,operación estable
4,Monte Verde,Santa Rosa,Leche + papa forrajera,21,2025-05-26,1904,272,179,1135488,101.6,23.1,31,sin novedad,operación estable
5,La Pradera,Donmatías,Leche + maíz,21,2025-05-26,1955,297,195,1317905,90.3,23.6,35,sin novedad,operación estable
6,Altos del Río,Belmira,Leche + pastos,21,2025-05-26,2567,291,226,1100616,61.2,23.5,39,sin novedad,operación estable
7,Villa Norte,Carolina,Leche + sorgo,21,2025-05-26,2124,296,229,1560461,62.9,24.3,39,sin novedad,operación estable
8,Buenavista,Gómez Plata,Leche + maíz,21,2025-05-26,2591,332,238,1807785,92.1,24.1,48,sin novedad,operación estable
9,Loma Clara,Angostura,Leche + pastos,21,2025-05-26,3168,363,267,1894294,89.2,23.0,47,sin novedad,operación estable
10,Bosque Alto,Yolombó,Leche + caña forrajera,21,2025-05-26,3231,364,303,1606885,71.4,23.1,52,sin novedad,operación estable
1,La Esperanza,San Pedro,Leche + maíz,22,2025-06-02,1580,163,131,851374,63.6,23.8,24,control preventivo,operación estable
2,El Progreso,Entrerríos,Leche + sorgo,22,2025-06-02,1413,209,117,861569,90.4,21.8,27,sin novedad,operación estable
3,Santa Lucía,Yarumal,Leche + maíz,22,2025-06-02,1820,231,173,1120873,73.2,22.4,30,sin novedad,operación estable
4,Monte Verde,Santa Rosa,Leche + papa forrajera,22,2025-06-02,1734,235,184,878395,62.6,23.7,31,control preventivo,operación estable
5,La Pradera,Donmatías,Leche + maíz,22,2025-06-02,1947,285,195,1219359,95.8,22.5,35,observación,control sanitario
6,Altos del Río,Belmira,Leche + pastos,22,2025-06-02,2206,311,197,1223645,91.8,22.0,39,observación,control sanitario
7,Villa Norte,Carolina,Leche + sorgo,22,2025-06-02,2306,302,249,1401714,69.0,23.7,43,control preventivo,operación estable
8,Buenavista,Gómez Plata,Leche + maíz,22,2025-06-02,2459,331,253,1361362,59.1,24.5,42,observación,control sanitario
9,Loma Clara,Angostura,Leche + pastos,22,2025-06-02,2723,363,254,1848437,85.2,22.6,51,sin novedad,operación estable
10,Bosque Alto,Yolombó,Leche + caña forrajera,22,2025-06-02,3385,352,298,1690071,76.0,22.8,50,sin novedad,operación estable
1,La Esperanza,San Pedro,Leche + maíz,23,2025-06-09,1419,184,103,1074040,67.6,22.9,27,control preventivo,operación estable
2,El Progreso,Entrerríos,Leche + sorgo,23,2025-06-09,1783,197,120,1029031,67.1,24.1,28,control preventivo,operación estable
3,Santa Lucía,Yarumal,Leche + maíz,23,2025-06-09,1697,218,139,1099267,73.7,22.9,30,sin novedad,operación estable
4,Monte Verde,Santa Rosa,Leche + papa forrajera,23,2025-06-09,2039,256,162,1169249,81.7,23.1,32,seguimiento veterinario,atención prioritaria
5,La Pradera,Donmatías,Leche + maíz,23,2025-06-09,2365,250,192,1311133,73.3,22.1,35,sin novedad,operación estable
6,Altos del Río,Belmira,Leche + pastos,23,2025-06-09,2705,270,198,1371432,55.4,22.4,42,observación,control sanitario
7,Villa Norte,Carolina,Leche + sorgo,23,2025-06-09,2020,283,226,1271468,63.3,22.9,39,sin novedad,operación estable
8,Buenavista,Gómez Plata,Leche + maíz,23,2025-06-09,2748,332,238,1723467,77.2,22.7,48,sin novedad,operación estable
9,Loma Clara,Angostura,Leche + pastos,23,2025-06-09,2804,348,259,1753895,64.0,23.1,50,sin novedad,operación estable
10,Bosque Alto,Yolombó,Leche + caña forrajera,23,2025-06-09,2957,370,287,1886097,54.0,24.4,49,sin novedad,operación estable
1,La Esperanza,San Pedro,Leche + maíz,24,2025-06-16,1280,169,112,841286,54.5,21.7,24,sin novedad,operación estable
2,El Progreso,Entrerríos,Leche + sorgo,24,2025-06-16,1390,222,124,991823,85.3,23.1,25,sin novedad,operación estable
3,Santa Lucía,Yarumal,Leche + maíz,24,2025-06-16,1621,243,170,1160933,82.3,24.2,30,sin novedad,operación estable
4,Monte Verde,Santa Rosa,Leche + papa forrajera,24,2025-06-16,1794,239,150,1235903,84.3,23.4,32,sin novedad,operación estable
5,La Pradera,Donmatías,Leche + maíz,24,2025-06-16,2274,238,195,1099374,63.2,22.3,37,control preventivo,operación estable
6,Altos del Río,Belmira,Leche + pastos,24,2025-06-16,2209,277,211,1326217,88.4,23.0,38,sin novedad,operación estable
7,Villa Norte,Carolina,Leche + sorgo,24,2025-06-16,2490,325,238,1394912,67.7,21.6,41,sin novedad,operación estable
8,Buenavista,Gómez Plata,Leche + maíz,24,2025-06-16,2501,315,258,1215621,69.7,22.6,44,control preventivo,operación estable
9,Loma Clara,Angostura,Leche + pastos,24,2025-06-16,2913,344,255,1460696,60.8,23.1,48,sin novedad,operación estable
10,Bosque Alto,Yolombó,Leche + caña forrajera,24,2025-06-16,2810,351,287,1508885,88.0,24.0,53,sin novedad,operación estable
1,La Esperanza,San Pedro,Leche + maíz,25,2025-06-23,1242,200,129,841427,44.7,22.4,24,sin novedad,operación estable
2,El Progreso,Entrerríos,Leche + sorgo,25,2025-06-23,1381,194,126,740516,68.1,22.2,27,sin novedad,operación estable
3,Santa Lucía,Yarumal,Leche + maíz,25,2025-06-23,1681,208,129,1208434,55.1,24.2,32,sin novedad,operación estable
4,Monte Verde,Santa Rosa,Leche + papa forrajera,25,2025-06-23,2181,224,181,1064250,57.0,22.6,35,control preventivo,operación estable
5,La Pradera,Donmatías,Leche + maíz,25,2025-06-23,2242,270,191,1106575,74.5,23.6,39,sin novedad,operación estable
6,Altos del Río,Belmira,Leche + pastos,25,2025-06-23,2204,297,198,1478027,61.2,22.6,38,control preventivo,operación estable
7,Villa Norte,Carolina,Leche + sorgo,25,2025-06-23,2189,310,202,1810176,61.6,22.3,45,sin novedad,revisar alimentación
8,Buenavista,Gómez Plata,Leche + maíz,25,2025-06-23,2603,313,240,1349047,50.8,22.7,47,sin novedad,operación estable
9,Loma Clara,Angostura,Leche + pastos,25,2025-06-23,2678,365,261,1918442,73.0,22.5,50,observación,control sanitario
10,Bosque Alto,Yolombó,Leche + caña forrajera,25,2025-06-23,2944,383,286,2153565,58.0,22.4,54,observación,control sanitario
1,La Esperanza,San Pedro,Leche + maíz,26,2025-06-30,1667,153,129,832887,50.8,22.4,27,control preventivo,operación estable
2,El Progreso,Entrerríos,Leche + sorgo,26,2025-06-30,1549,203,112,959204,45.2,22.9,29,sin novedad,operación estable
3,Santa Lucía,Yarumal,Leche + maíz,26,2025-06-30,1619,192,161,814098,39.6,21.5,28,observación,control sanitario
4,Monte Verde,Santa Rosa,Leche + papa forrajera,26,2025-06-30,1711,256,180,1030463,79.7,21.6,31,sin novedad,operación estable
5,La Pradera,Donmatías,Leche + maíz,26,2025-06-30,2062,231,171,1408382,67.7,22.7,35,sin novedad,operación estable
6,Altos del Río,Belmira,Leche + pastos,26,2025-06-30,2210,285,189,1189649,47.7,22.7,36,sin novedad,operación estable
7,Villa Norte,Carolina,Leche + sorgo,26,2025-06-30,2732,290,204,1260557,64.7,23.3,44,control preventivo,operación estable
8,Buenavista,Gómez Plata,Leche + maíz,26,2025-06-30,2610,300,226,1719620,72.3,22.9,48,seguimiento veterinario,atención prioritaria
9,Loma Clara,Angostura,Leche + pastos,26,2025-06-30,2347,325,255,1388124,44.3,24.0,45,sin novedad,operación estable
10,Bosque Alto,Yolombó,Leche + caña forrajera,26,2025-06-30,2840,329,261,1888682,54.6,23.4,48,sin novedad,operación estable
1,La Esperanza,San Pedro,Leche + maíz,27,2025-07-07,1338,145,95,951403,45.0,21.3,26,observación,control sanitario
2,El Progreso,Entrerríos,Leche + sorgo,27,2025-07-07,1431,202,114,871394,51.8,22.3,26,observación,control sanitario
3,Santa Lucía,Yarumal,Leche + maíz,27,2025-07-07,1582,229,140,915455,75.5,21.4,31,control preventivo,operación estable
4,Monte Verde,Santa Rosa,Leche + papa forrajera,27,2025-07-07,1804,233,170,981192,73.8,22.7,33,sin novedad,operación estable
5,La Pradera,Donmatías,Leche + maíz,27,2025-07-07,1836,228,190,1368177,39.0,23.7,34,control preventivo,operación estable
6,Altos del Río,Belmira,Leche + pastos,27,2025-07-07,2180,280,204,1402400,51.0,21.8,37,sin novedad,operación estable
7,Villa Norte,Carolina,Leche + sorgo,27,2025-07-07,1942,308,207,1288965,67.9,22.6,39,sin novedad,revisar alimentación
8,Buenavista,Gómez Plata,Leche + maíz,27,2025-07-07,2204,306,244,1414126,69.8,23.1,46,observación,revisar alimentación
9,Loma Clara,Angostura,Leche + pastos,27,2025-07-07,2474,303,258,1728476,74.8,22.6,49,observación,control sanitario
10,Bosque Alto,Yolombó,Leche + caña forrajera,27,2025-07-07,2648,344,275,1886015,71.6,22.6,54,seguimiento veterinario,revisar alimentación
1,La Esperanza,San Pedro,Leche + maíz,28,2025-07-14,1393,146,90,692860,46.9,22.5,26,sin novedad,operación estable
2,El Progreso,Entrerríos,Leche + sorgo,28,2025-07-14,1427,176,141,876182,58.5,21.4,25,sin novedad,operación estable
3,Santa Lucía,Yarumal,Leche + maíz,28,2025-07-14,1425,199,130,1092782,50.6,21.2,29,sin novedad,revisar alimentación
4,Monte Verde,Santa Rosa,Leche + papa forrajera,28,2025-07-14,1721,205,157,1053350,52.6,21.4,31,control preventivo,operación estable
5,La Pradera,Donmatías,Leche + maíz,28,2025-07-14,1827,242,192,1038320,70.5,23.5,36,observación,control sanitario
6,Altos del Río,Belmira,Leche + pastos,28,2025-07-14,2342,246,180,1086077,54.4,21.5,38,sin novedad,operación estable
7,Villa Norte,Carolina,Leche + sorgo,28,2025-07-14,2418,300,228,1373689,51.0,21.2,40,control preventivo,operación estable
8,Buenavista,Gómez Plata,Leche + maíz,28,2025-07-14,2369,295,220,1407734,51.5,23.5,45,sin novedad,operación estable
9,Loma Clara,Angostura,Leche + pastos,28,2025-07-14,2485,306,240,1814778,41.1,21.9,47,sin novedad,operación estable
10,Bosque Alto,Yolombó,Leche + caña forrajera,28,2025-07-14,2409,349,258,1375274,47.8,21.9,49,sin novedad,revisar alimentación
1,La Esperanza,San Pedro,Leche + maíz,29,2025-07-21,1308,162,97,747396,49.9,20.9,23,control preventivo,operación estable
2,El Progreso,Entrerríos,Leche + sorgo,29,2025-07-21,1289,167,127,906619,46.5,21.5,28,sin novedad,revisar alimentación
3,Santa Lucía,Yarumal,Leche + maíz,29,2025-07-21,1367,180,157,759430,39.8,23.4,27,control preventivo,operación estable
4,Monte Verde,Santa Rosa,Leche + papa forrajera,29,2025-07-21,1775,237,174,1303712,40.0,21.0,32,control preventivo,operación estable
5,La Pradera,Donmatías,Leche + maíz,29,2025-07-21,2030,232,184,1223021,43.9,21.6,36,sin novedad,operación estable
6,Altos del Río,Belmira,Leche + pastos,29,2025-07-21,1989,273,179,1509300,30.0,22.3,39,sin novedad,operación estable
7,Villa Norte,Carolina,Leche + sorgo,29,2025-07-21,2322,277,206,1109951,61.1,22.7,39,control preventivo,operación estable
8,Buenavista,Gómez Plata,Leche + maíz,29,2025-07-21,2173,322,225,1154061,46.6,21.0,42,sin novedad,operación estable
9,Loma Clara,Angostura,Leche + pastos,29,2025-07-21,2720,299,227,1518991,59.8,21.2,49,sin novedad,operación estable
10,Bosque Alto,Yolombó,Leche + caña forrajera,29,2025-07-21,2771,354,254,1452604,51.7,23.3,53,observación,control sanitario
1,La Esperanza,San Pedro,Leche + maíz,30,2025-07-28,1389,138,94,710580,33.7,21.8,24,sin novedad,operación estable
2,El Progreso,Entrerríos,Leche + sorgo,30,2025-07-28,1487,184,103,673440,43.2,21.2,25,observación,control sanitario
3,Santa Lucía,Yarumal,Leche + maíz,30,2025-07-28,1498,195,133,959078,61.2,22.9,28,sin novedad,operación estable
4,Monte Verde,Santa Rosa,Leche + papa forrajera,30,2025-07-28,1488,211,139,1175918,35.7,21.9,30,sin novedad,revisar alimentación
5,La Pradera,Donmatías,Leche + maíz,30,2025-07-28,2303,221,182,1087561,68.0,21.4,39,control preventivo,operación estable
6,Altos del Río,Belmira,Leche + pastos,30,2025-07-28,1730,236,180,1054398,51.8,22.0,36,sin novedad,revisar alimentación
7,Villa Norte,Carolina,Leche + sorgo,30,2025-07-28,2265,278,221,1116881,27.5,22.8,39,sin novedad,operación estable
8,Buenavista,Gómez Plata,Leche + maíz,30,2025-07-28,2086,311,228,1715838,59.5,20.8,45,sin novedad,revisar alimentación
9,Loma Clara,Angostura,Leche + pastos,30,2025-07-28,2803,306,243,1605377,58.0,22.7,48,sin novedad,operación estable
10,Bosque Alto,Yolombó,Leche + caña forrajera,30,2025-07-28,2900,324,236,2087224,50.3,23.2,54,sin novedad,operación estable
1,La Esperanza,San Pedro,Leche + maíz,31,2025-08-04,1159,136,87,598303,60.2,21.4,22,observación,control sanitario
2,El Progreso,Entrerríos,Leche + sorgo,31,2025-08-04,1347,174,130,1005414,56.9,22.3,27,observación,revisar alimentación
3,Santa Lucía,Yarumal,Leche + maíz,31,2025-08-04,1384,207,125,1032529,45.9,21.8,28,control preventivo,revisar alimentación
4,Monte Verde,Santa Rosa,Leche + papa forrajera,31,2025-08-04,2038,238,154,1190220,30.3,22.0,36,control preventivo,operación estable
5,La Pradera,Donmatías,Leche + maíz,31,2025-08-04,1842,253,148,1244911,44.2,21.9,33,observación,control sanitario
6,Altos del Río,Belmira,Leche + pastos,31,2025-08-04,2154,275,193,1422483,60.7,20.3,40,sin novedad,operación estable
7,Villa Norte,Carolina,Leche + sorgo,31,2025-08-04,2440,252,191,1552437,45.2,20.8,45,control preventivo,operación estable
8,Buenavista,Gómez Plata,Leche + maíz,31,2025-08-04,2695,273,199,1402115,27.6,22.5,48,seguimiento veterinario,atención prioritaria
9,Loma Clara,Angostura,Leche + pastos,31,2025-08-04,2290,290,224,1311755,44.5,21.0,48,control preventivo,revisar alimentación
10,Bosque Alto,Yolombó,Leche + caña forrajera,31,2025-08-04,3101,345,239,1715567,32.3,21.9,54,sin novedad,operación estable
1,La Esperanza,San Pedro,Leche + maíz,32,2025-08-11,1254,160,116,889143,35.8,20.3,23,sin novedad,operación estable
2,El Progreso,Entrerríos,Leche + sorgo,32,2025-08-11,1199,194,115,847363,65.2,20.1,26,seguimiento veterinario,revisar alimentación
3,Santa Lucía,Yarumal,Leche + maíz,32,2025-08-11,1402,218,123,1157107,58.0,21.9,29,sin novedad,revisar alimentación
4,Monte Verde,Santa Rosa,Leche + papa forrajera,32,2025-08-11,1751,190,163,1197720,25.6,20.2,34,observación,control sanitario
5,La Pradera,Donmatías,Leche + maíz,32,2025-08-11,1981,235,167,1225071,49.5,21.8,36,sin novedad,operación estable
6,Altos del Río,Belmira,Leche + pastos,32,2025-08-11,1935,268,190,1239636,51.5,21.4,42,sin novedad,revisar alimentación
7,Villa Norte,Carolina,Leche + sorgo,32,2025-08-11,2020,242,188,1587695,44.6,21.3,42,sin novedad,revisar alimentación
8,Buenavista,Gómez Plata,Leche + maíz,32,2025-08-11,2577,301,230,1412173,52.4,22.5,46,sin novedad,operación estable
9,Loma Clara,Angostura,Leche + pastos,32,2025-08-11,2168,312,247,1689780,52.0,22.3,47,sin novedad,revisar alimentación
10,Bosque Alto,Yolombó,Leche + caña forrajera,32,2025-08-11,2965,312,228,1564222,37.0,20.9,54,control preventivo,operación estable
1,La Esperanza,San Pedro,Leche + maíz,33,2025-08-18,1129,168,116,874107,57.8,20.0,22,control preventivo,operación estable
2,El Progreso,Entrerríos,Leche + sorgo,33,2025-08-18,1290,151,99,989886,57.6,19.9,27,sin novedad,revisar alimentación
3,Santa Lucía,Yarumal,Leche + maíz,33,2025-08-18,1593,208,137,1103887,36.7,21.0,30,sin novedad,operación estable
4,Monte Verde,Santa Rosa,Leche + papa forrajera,33,2025-08-18,1695,214,131,950287,43.5,20.6,32,sin novedad,operación estable
5,La Pradera,Donmatías,Leche + maíz,33,2025-08-18,2055,202,172,1279878,66.8,22.2,35,control preventivo,operación estable
6,Altos del Río,Belmira,Leche + pastos,33,2025-08-18,2402,246,169,1227546,63.0,20.2,42,sin novedad,operación estable
7,Villa Norte,Carolina,Leche + sorgo,33,2025-08-18,1978,235,176,1263720,28.6,20.0,40,sin novedad,revisar alimentación
8,Buenavista,Gómez Plata,Leche + maíz,33,2025-08-18,2186,291,203,1950761,30.5,22.0,48,control preventivo,revisar alimentación
9,Loma Clara,Angostura,Leche + pastos,33,2025-08-18,2067,318,223,1727738,44.0,22.3,45,control preventivo,revisar alimentación
10,Bosque Alto,Yolombó,Leche + caña forrajera,33,2025-08-18,2308,310,257,1468946,34.9,21.7,49,sin novedad,revisar alimentación
1,La Esperanza,San Pedro,Leche + maíz,34,2025-08-25,1004,164,112,736998,60.3,20.9,22,sin novedad,revisar alimentación
2,El Progreso,Entrerríos,Leche + sorgo,34,2025-08-25,1023,188,124,943301,66.1,20.0,24,sin novedad,revisar alimentación
3,Santa Lucía,Yarumal,Leche + maíz,34,2025-08-25,1314,166,132,902462,54.1,21.2,29,observación,revisar alimentación
4,Monte Verde,Santa Rosa,Leche + papa forrajera,34,2025-08-25,1426,198,144,938183,63.5,21.6,31,sin novedad,revisar alimentación
5,La Pradera,Donmatías,Leche + maíz,34,2025-08-25,1595,200,141,1410541,64.4,20.4,35,sin novedad,revisar alimentación
6,Altos del Río,Belmira,Leche + pastos,34,2025-08-25,1733,225,169,1170452,46.4,19.6,38,sin novedad,revisar alimentación
7,Villa Norte,Carolina,Leche + sorgo,34,2025-08-25,2112,247,211,1577394,47.3,21.1,41,sin novedad,operación estable
8,Buenavista,Gómez Plata,Leche + maíz,34,2025-08-25,2084,284,219,1244652,38.4,21.8,44,sin novedad,revisar alimentación
9,Loma Clara,Angostura,Leche + pastos,34,2025-08-25,2439,288,227,1639269,49.0,20.6,49,control preventivo,revisar alimentación
10,Bosque Alto,Yolombó,Leche + caña forrajera,34,2025-08-25,2523,307,249,1609363,64.1,19.5,54,sin novedad,revisar alimentación
1,La Esperanza,San Pedro,Leche + maíz,35,2025-09-01,1107,134,107,831315,67.8,19.6,21,sin novedad,operación estable
2,El Progreso,Entrerríos,Leche + sorgo,35,2025-09-01,1090,167,105,767260,58.3,19.3,24,sin novedad,revisar alimentación
3,Santa Lucía,Yarumal,Leche + maíz,35,2025-09-01,1433,170,137,1073917,63.2,20.2,28,seguimiento veterinario,atención prioritaria
4,Monte Verde,Santa Rosa,Leche + papa forrajera,35,2025-09-01,1465,183,140,956147,43.8,20.9,35,sin novedad,revisar alimentación
5,La Pradera,Donmatías,Leche + maíz,35,2025-09-01,1648,194,164,1161207,47.6,20.5,38,control preventivo,revisar alimentación
6,Altos del Río,Belmira,Leche + pastos,35,2025-09-01,2086,259,180,1338416,53.1,21.5,39,sin novedad,operación estable
7,Villa Norte,Carolina,Leche + sorgo,35,2025-09-01,2187,237,170,1297246,44.6,21.6,44,observación,revisar alimentación
8,Buenavista,Gómez Plata,Leche + maíz,35,2025-09-01,2100,287,202,1306004,37.1,21.5,47,control preventivo,revisar alimentación
9,Loma Clara,Angostura,Leche + pastos,35,2025-09-01,2497,316,211,1387426,65.8,19.3,46,seguimiento veterinario,atención prioritaria
10,Bosque Alto,Yolombó,Leche + caña forrajera,35,2025-09-01,2709,301,239,1949457,33.8,19.4,50,sin novedad,operación estable
1,La Esperanza,San Pedro,Leche + maíz,36,2025-09-08,1182,144,100,858779,41.3,20.2,25,observación,revisar alimentación
2,El Progreso,Entrerríos,Leche + sorgo,36,2025-09-08,1479,184,100,827882,39.4,21.3,30,seguimiento veterinario,revisar alimentación
3,Santa Lucía,Yarumal,Leche + maíz,36,2025-09-08,1154,180,129,912811,68.8,20.9,28,sin novedad,revisar alimentación
4,Monte Verde,Santa Rosa,Leche + papa forrajera,36,2025-09-08,1656,192,159,1412050,57.3,19.8,36,sin novedad,revisar alimentación
5,La Pradera,Donmatías,Leche + maíz,36,2025-09-08,1387,234,160,976565,58.9,20.4,33,control preventivo,revisar alimentación
6,Altos del Río,Belmira,Leche + pastos,36,2025-09-08,1853,251,182,1461748,34.0,19.9,37,sin novedad,operación estable
7,Villa Norte,Carolina,Leche + sorgo,36,2025-09-08,2418,275,199,1692201,55.5,21.5,45,sin novedad,operación estable
8,Buenavista,Gómez Plata,Leche + maíz,36,2025-09-08,2616,267,214,1539719,43.3,20.3,48,observación,control sanitario
9,Loma Clara,Angostura,Leche + pastos,36,2025-09-08,2413,278,222,1318470,47.3,20.1,49,observación,revisar alimentación
10,Bosque Alto,Yolombó,Leche + caña forrajera,36,2025-09-08,2519,298,224,1751622,65.8,21.2,53,sin novedad,revisar alimentación
1,La Esperanza,San Pedro,Leche + maíz,37,2025-09-15,1031,135,94,694773,40.9,20.9,23,sin novedad,revisar alimentación
2,El Progreso,Entrerríos,Leche + sorgo,37,2025-09-15,1265,174,114,801273,46.2,20.6,28,sin novedad,revisar alimentación
3,Santa Lucía,Yarumal,Leche + maíz,37,2025-09-15,1525,207,108,964148,72.0,21.2,27,sin novedad,operación estable
4,Monte Verde,Santa Rosa,Leche + papa forrajera,37,2025-09-15,1356,222,135,915331,40.1,21.3,32,control preventivo,revisar alimentación
5,La Pradera,Donmatías,Leche + maíz,37,2025-09-15,1920,209,138,1002980,65.6,19.9,36,sin novedad,operación estable
6,Altos del Río,Belmira,Leche + pastos,37,2025-09-15,2261,250,185,1475510,54.7,21.2,40,sin novedad,operación estable
7,Villa Norte,Carolina,Leche + sorgo,37,2025-09-15,2171,248,201,1242626,63.2,19.1,40,sin novedad,operación estable
8,Buenavista,Gómez Plata,Leche + maíz,37,2025-09-15,1993,247,199,1614349,32.3,19.1,46,observación,revisar alimentación
9,Loma Clara,Angostura,Leche + pastos,37,2025-09-15,2075,290,199,1312928,32.4,20.1,48,sin novedad,revisar alimentación
10,Bosque Alto,Yolombó,Leche + caña forrajera,37,2025-09-15,2388,282,221,1717033,56.9,20.8,53,control preventivo,revisar alimentación
1,La Esperanza,San Pedro,Leche + maíz,38,2025-09-22,1054,167,113,625416,51.2,19.7,22,sin novedad,revisar alimentación
2,El Progreso,Entrerríos,Leche + sorgo,38,2025-09-22,1421,181,111,837702,58.7,19.1,29,sin novedad,revisar alimentación
3,Santa Lucía,Yarumal,Leche + maíz,38,2025-09-22,1334,207,121,1135573,49.1,19.8,28,sin novedad,revisar alimentación
4,Monte Verde,Santa Rosa,Leche + papa forrajera,38,2025-09-22,1388,176,127,1151169,74.1,19.4,32,observación,revisar alimentación
5,La Pradera,Donmatías,Leche + maíz,38,2025-09-22,1617,240,141,1091445,51.8,20.4,34,sin novedad,revisar alimentación
6,Altos del Río,Belmira,Leche + pastos,38,2025-09-22,2092,220,170,1254598,46.3,20.3,39,sin novedad,operación estable
7,Villa Norte,Carolina,Leche + sorgo,38,2025-09-22,2065,270,180,1227305,49.0,19.0,39,observación,control sanitario
8,Buenavista,Gómez Plata,Leche + maíz,38,2025-09-22,2141,277,210,1209992,60.7,19.5,44,sin novedad,revisar alimentación
9,Loma Clara,Angostura,Leche + pastos,38,2025-09-22,2414,292,206,1314171,36.1,20.1,49,sin novedad,revisar alimentación
10,Bosque Alto,Yolombó,Leche + caña forrajera,38,2025-09-22,2599,323,218,1896038,72.6,20.3,51,sin novedad,operación estable
1,La Esperanza,San Pedro,Leche + maíz,39,2025-09-29,1452,139,104,933010,58.9,19.6,26,sin novedad,operación estable
2,El Progreso,Entrerríos,Leche + sorgo,39,2025-09-29,1336,156,105,1084106,78.1,20.0,27,sin novedad,revisar alimentación
3,Santa Lucía,Yarumal,Leche + maíz,39,2025-09-29,1677,196,126,1049314,77.4,19.9,32,control preventivo,operación estable
4,Monte Verde,Santa Rosa,Leche + papa forrajera,39,2025-09-29,1544,211,143,1004466,53.3,18.3,35,sin novedad,revisar alimentación
5,La Pradera,Donmatías,Leche + maíz,39,2025-09-29,1758,215,146,1232205,46.0,20.8,39,sin novedad,revisar alimentación
6,Altos del Río,Belmira,Leche + pastos,39,2025-09-29,1618,247,176,1185687,73.7,19.7,37,observación,revisar alimentación
7,Villa Norte,Carolina,Leche + sorgo,39,2025-09-29,2002,231,170,1365188,44.4,18.4,39,sin novedad,operación estable
8,Buenavista,Gómez Plata,Leche + maíz,39,2025-09-29,1991,272,191,1645733,68.6,19.0,47,control preventivo,revisar alimentación
9,Loma Clara,Angostura,Leche + pastos,39,2025-09-29,2308,284,225,1608510,66.3,20.5,46,sin novedad,operación estable
10,Bosque Alto,Yolombó,Leche + caña forrajera,39,2025-09-29,2333,314,230,1400579,47.3,18.6,48,sin novedad,revisar alimentación
1,La Esperanza,San Pedro,Leche + maíz,40,2025-10-06,1092,162,75,753037,75.4,19.0,21,control preventivo,operación estable
2,El Progreso,Entrerríos,Leche + sorgo,40,2025-10-06,1077,141,108,783918,43.0,20.5,27,sin novedad,revisar alimentación
3,Santa Lucía,Yarumal,Leche + maíz,40,2025-10-06,1230,179,107,1012753,65.1,19.6,28,observación,revisar alimentación
4,Monte Verde,Santa Rosa,Leche + papa forrajera,40,2025-10-06,1731,204,131,1088732,74.6,18.9,33,sin novedad,operación estable
5,La Pradera,Donmatías,Leche + maíz,40,2025-10-06,1701,208,163,1443947,51.8,20.4,36,sin novedad,revisar alimentación
6,Altos del Río,Belmira,Leche + pastos,40,2025-10-06,1985,215,183,1346532,59.2,18.7,38,observación,control sanitario
7,Villa Norte,Carolina,Leche + sorgo,40,2025-10-06,1835,276,168,1374426,81.9,18.0,41,control preventivo,revisar alimentación
8,Buenavista,Gómez Plata,Leche + maíz,40,2025-10-06,2330,283,185,1418768,44.9,20.2,46,sin novedad,operación estable
9,Loma Clara,Angostura,Leche + pastos,40,2025-10-06,2069,305,219,1724197,60.2,18.8,48,observación,revisar alimentación
10,Bosque Alto,Yolombó,Leche + caña forrajera,40,2025-10-06,2762,286,215,1533985,61.9,18.5,51,sin novedad,operación estable
1,La Esperanza,San Pedro,Leche + maíz,41,2025-10-13,1278,142,99,948728,63.9,18.2,25,sin novedad,operación estable
2,El Progreso,Entrerríos,Leche + sorgo,41,2025-10-13,1186,173,91,689170,54.3,18.3,24,sin novedad,revisar alimentación
3,Santa Lucía,Yarumal,Leche + maíz,41,2025-10-13,1608,180,121,947971,46.9,19.8,33,control preventivo,revisar alimentación
4,Monte Verde,Santa Rosa,Leche + papa forrajera,41,2025-10-13,1431,221,136,1331537,48.0,18.6,33,sin novedad,revisar alimentación
5,La Pradera,Donmatías,Leche + maíz,41,2025-10-13,1789,229,174,1412263,53.6,18.2,39,observación,revisar alimentación
6,Altos del Río,Belmira,Leche + pastos,41,2025-10-13,1958,254,178,1460300,78.7,19.2,36,sin novedad,operación estable
7,Villa Norte,Carolina,Leche + sorgo,41,2025-10-13,2048,260,190,1727230,81.0,19.4,45,sin novedad,revisar alimentación
8,Buenavista,Gómez Plata,Leche + maíz,41,2025-10-13,2305,278,190,1690973,82.8,19.9,46,sin novedad,operación estable
9,Loma Clara,Angostura,Leche + pastos,41,2025-10-13,2416,280,198,1832105,68.2,19.7,46,observación,control sanitario
10,Bosque Alto,Yolombó,Leche + caña forrajera,41,2025-10-13,2805,313,214,1453931,70.7,19.8,51,sin novedad,operación estable
1,La Esperanza,San Pedro,Leche + maíz,42,2025-10-20,1080,130,103,849280,82.7,18.7,25,sin novedad,revisar alimentación
2,El Progreso,Entrerríos,Leche + sorgo,42,2025-10-20,1329,167,121,1153417,86.6,17.7,30,sin novedad,revisar alimentación
3,Santa Lucía,Yarumal,Leche + maíz,42,2025-10-20,1552,201,121,1001212,72.0,19.5,27,sin novedad,operación estable
4,Monte Verde,Santa Rosa,Leche + papa forrajera,42,2025-10-20,1423,222,137,1191657,52.0,18.5,31,control preventivo,revisar alimentación
5,La Pradera,Donmatías,Leche + maíz,42,2025-10-20,1557,244,164,1329427,77.0,19.0,33,sin novedad,revisar alimentación
6,Altos del Río,Belmira,Leche + pastos,42,2025-10-20,1810,260,179,1547016,53.3,19.3,41,control preventivo,revisar alimentación
7,Villa Norte,Carolina,Leche + sorgo,42,2025-10-20,1954,252,195,1349555,61.6,18.4,39,sin novedad,operación estable
8,Buenavista,Gómez Plata,Leche + maíz,42,2025-10-20,1887,270,209,1495300,85.9,17.7,45,sin novedad,revisar alimentación
9,Loma Clara,Angostura,Leche + pastos,42,2025-10-20,2195,301,200,1739877,81.3,20.2,47,sin novedad,revisar alimentación
10,Bosque Alto,Yolombó,Leche + caña forrajera,42,2025-10-20,2519,302,224,1751792,56.7,17.7,54,sin novedad,revisar alimentación
1,La Esperanza,San Pedro,Leche + maíz,43,2025-10-27,1143,168,97,892850,77.1,19.3,25,control preventivo,revisar alimentación
2,El Progreso,Entrerríos,Leche + sorgo,43,2025-10-27,1231,176,106,929557,88.6,18.2,24,sin novedad,operación estable
3,Santa Lucía,Yarumal,Leche + maíz,43,2025-10-27,1508,189,122,835565,70.5,18.8,30,sin novedad,operación estable
4,Monte Verde,Santa Rosa,Leche + papa forrajera,43,2025-10-27,1737,198,148,1210228,94.3,18.5,34,control preventivo,operación estable
5,La Pradera,Donmatías,Leche + maíz,43,2025-10-27,1668,209,145,1148509,65.6,18.2,38,sin novedad,revisar alimentación
6,Altos del Río,Belmira,Leche + pastos,43,2025-10-27,1647,246,177,1289672,70.0,19.6,39,sin novedad,revisar alimentación
7,Villa Norte,Carolina,Leche + sorgo,43,2025-10-27,2077,280,188,1220230,53.4,18.3,44,observación,revisar alimentación
8,Buenavista,Gómez Plata,Leche + maíz,43,2025-10-27,2115,270,224,1681742,62.2,19.8,42,sin novedad,operación estable
9,Loma Clara,Angostura,Leche + pastos,43,2025-10-27,2109,304,215,1538654,91.2,19.1,47,observación,revisar alimentación
10,Bosque Alto,Yolombó,Leche + caña forrajera,43,2025-10-27,2351,301,237,1897140,80.9,18.4,53,observación,revisar alimentación
1,La Esperanza,San Pedro,Leche + maíz,44,2025-11-03,1266,171,106,782221,62.9,18.0,26,sin novedad,revisar alimentación
2,El Progreso,Entrerríos,Leche + sorgo,44,2025-11-03,1534,189,124,1197800,93.5,19.7,30,sin novedad,operación estable
3,Santa Lucía,Yarumal,Leche + maíz,44,2025-11-03,1370,207,142,1181147,60.6,19.5,30,sin novedad,revisar alimentación
4,Monte Verde,Santa Rosa,Leche + papa forrajera,44,2025-11-03,1501,192,145,1085650,69.1,18.7,30,control preventivo,operación estable
5,La Pradera,Donmatías,Leche + maíz,44,2025-11-03,1830,201,158,1077311,91.4,18.4,37,sin novedad,revisar alimentación
6,Altos del Río,Belmira,Leche + pastos,44,2025-11-03,2120,235,178,1148036,89.7,17.8,41,control preventivo,operación estable
7,Villa Norte,Carolina,Leche + sorgo,44,2025-11-03,2356,251,181,1264673,80.0,19.0,43,sin novedad,operación estable
8,Buenavista,Gómez Plata,Leche + maíz,44,2025-11-03,2383,272,223,1808940,95.6,19.2,45,sin novedad,operación estable
9,Loma Clara,Angostura,Leche + pastos,44,2025-11-03,2569,319,241,1920128,69.1,18.1,50,sin novedad,operación estable
10,Bosque Alto,Yolombó,Leche + caña forrajera,44,2025-11-03,2703,316,232,1440501,66.1,18.8,54,observación,control sanitario
1,La Esperanza,San Pedro,Leche + maíz,45,2025-11-10,1203,132,81,940558,84.9,19.6,26,observación,revisar alimentación
2,El Progreso,Entrerríos,Leche + sorgo,45,2025-11-10,1317,195,121,926205,72.0,19.8,24,observación,control sanitario
3,Santa Lucía,Yarumal,Leche + maíz,45,2025-11-10,1402,203,128,1007052,76.8,18.0,30,sin novedad,revisar alimentación
4,Monte Verde,Santa Rosa,Leche + papa forrajera,45,2025-11-10,1931,209,153,1418576,83.5,19.0,35,sin novedad,operación estable
5,La Pradera,Donmatías,Leche + maíz,45,2025-11-10,1951,201,166,1182638,101.4,19.1,39,sin novedad,operación estable
6,Altos del Río,Belmira,Leche + pastos,45,2025-11-10,1838,220,164,1587052,87.7,19.1,42,observación,revisar alimentación
7,Villa Norte,Carolina,Leche + sorgo,45,2025-11-10,2258,261,174,1200911,80.7,18.2,45,control preventivo,operación estable
8,Buenavista,Gómez Plata,Leche + maíz,45,2025-11-10,1800,285,198,1294807,89.0,18.3,42,control preventivo,revisar alimentación
9,Loma Clara,Angostura,Leche + pastos,45,2025-11-10,2226,279,242,1912650,92.9,19.4,49,sin novedad,revisar alimentación
10,Bosque Alto,Yolombó,Leche + caña forrajera,45,2025-11-10,2654,303,237,1586034,100.6,17.8,51,sin novedad,operación estable
1,La Esperanza,San Pedro,Leche + maíz,46,2025-11-17,1176,139,88,745831,94.2,17.9,23,observación,control sanitario
2,El Progreso,Entrerríos,Leche + sorgo,46,2025-11-17,1668,149,125,853439,98.9,17.7,30,sin novedad,operación estable
3,Santa Lucía,Yarumal,Leche + maíz,46,2025-11-17,1736,215,139,1013754,83.8,18.7,31,sin novedad,operación estable
4,Monte Verde,Santa Rosa,Leche + papa forrajera,46,2025-11-17,1630,228,136,1068330,71.3,17.7,30,sin novedad,operación estable
5,La Pradera,Donmatías,Leche + maíz,46,2025-11-17,1652,209,172,1132954,91.2,18.5,37,control preventivo,revisar alimentación
6,Altos del Río,Belmira,Leche + pastos,46,2025-11-17,2300,242,191,1310491,94.3,19.6,42,sin novedad,operación estable
7,Villa Norte,Carolina,Leche + sorgo,46,2025-11-17,1879,248,188,1452587,109.4,17.6,41,sin novedad,revisar alimentación
8,Buenavista,Gómez Plata,Leche + maíz,46,2025-11-17,2437,263,217,1236593,76.0,18.3,42,sin novedad,operación estable
9,Loma Clara,Angostura,Leche + pastos,46,2025-11-17,2679,308,221,1343397,101.3,19.2,49,sin novedad,operación estable
10,Bosque Alto,Yolombó,Leche + caña forrajera,46,2025-11-17,2337,310,250,1751355,77.6,17.3,50,sin novedad,revisar alimentación
1,La Esperanza,San Pedro,Leche + maíz,47,2025-11-24,1247,169,100,799220,108.6,18.3,27,control preventivo,revisar alimentación
2,El Progreso,Entrerríos,Leche + sorgo,47,2025-11-24,1203,172,117,798085,100.2,18.7,25,sin novedad,revisar alimentación
3,Santa Lucía,Yarumal,Leche + maíz,47,2025-11-24,1597,179,127,804100,84.9,17.6,29,sin novedad,operación estable
4,Monte Verde,Santa Rosa,Leche + papa forrajera,47,2025-11-24,1772,212,149,951466,102.0,19.7,35,observación,control sanitario
5,La Pradera,Donmatías,Leche + maíz,47,2025-11-24,1595,229,175,1385173,85.8,19.5,36,observación,revisar alimentación
6,Altos del Río,Belmira,Leche + pastos,47,2025-11-24,2173,259,185,1061868,74.4,18.4,39,sin novedad,operación estable
7,Villa Norte,Carolina,Leche + sorgo,47,2025-11-24,2140,269,201,1641162,94.1,19.3,41,sin novedad,operación estable
8,Buenavista,Gómez Plata,Leche + maíz,47,2025-11-24,2276,266,218,1534572,110.2,18.9,44,sin novedad,operación estable
9,Loma Clara,Angostura,Leche + pastos,47,2025-11-24,2628,323,232,1930065,97.5,17.4,50,sin novedad,operación estable
10,Bosque Alto,Yolombó,Leche + caña forrajera,47,2025-11-24,2800,313,265,1672780,110.2,18.7,50,sin novedad,operación estable
1,La Esperanza,San Pedro,Leche + maíz,48,2025-12-01,1073,170,104,791117,87.4,18.4,21,sin novedad,operación estable
2,El Progreso,Entrerríos,Leche + sorgo,48,2025-12-01,1235,194,128,995390,91.6,19.0,27,sin novedad,revisar alimentación
3,Santa Lucía,Yarumal,Leche + maíz,48,2025-12-01,1818,215,131,870737,118.1,19.7,32,observación,control sanitario
4,Monte Verde,Santa Rosa,Leche + papa forrajera,48,2025-12-01,1771,240,170,843761,112.1,17.5,30,sin novedad,operación estable
5,La Pradera,Donmatías,Leche + maíz,48,2025-12-01,1778,221,153,951784,92.6,19.5,34,sin novedad,operación estable
6,Altos del Río,Belmira,Leche + pastos,48,2025-12-01,1859,266,199,1364047,81.1,18.0,41,observación,revisar alimentación
7,Villa Norte,Carolina,Leche + sorgo,48,2025-12-01,1898,286,189,1452802,82.8,19.2,41,sin novedad,revisar alimentación
8,Buenavista,Gómez Plata,Leche + maíz,48,2025-12-01,2473,304,205,1810528,94.4,19.7,48,control preventivo,operación estable
9,Loma Clara,Angostura,Leche + pastos,48,2025-12-01,2350,305,246,1355202,118.4,18.6,49,control preventivo,revisar alimentación
10,Bosque Alto,Yolombó,Leche + caña forrajera,48,2025-12-01,2797,353,236,1654948,107.1,19.9,52,sin novedad,operación estable
1,La Esperanza,San Pedro,Leche + maíz,49,2025-12-08,1132,164,94,887108,83.7,17.6,22,sin novedad,operación estable
2,El Progreso,Entrerríos,Leche + sorgo,49,2025-12-08,1422,196,121,914010,106.3,19.1,27,sin novedad,operación estable
3,Santa Lucía,Yarumal,Leche + maíz,49,2025-12-08,1738,202,146,1116401,105.3,19.6,30,sin novedad,operación estable
4,Monte Verde,Santa Rosa,Leche + papa forrajera,49,2025-12-08,1665,220,157,1054268,99.9,19.4,32,control preventivo,operación estable
5,La Pradera,Donmatías,Leche + maíz,49,2025-12-08,2009,215,185,1159766,117.6,17.6,36,control preventivo,operación estable
6,Altos del Río,Belmira,Leche + pastos,49,2025-12-08,1977,270,189,1405753,97.1,19.9,40,sin novedad,revisar alimentación
7,Villa Norte,Carolina,Leche + sorgo,49,2025-12-08,2177,260,226,1526720,114.7,18.0,39,sin novedad,operación estable
8,Buenavista,Gómez Plata,Leche + maíz,49,2025-12-08,2436,275,228,1668087,107.8,18.5,45,sin novedad,operación estable
9,Loma Clara,Angostura,Leche + pastos,49,2025-12-08,2314,305,225,1745388,120.7,18.5,50,control preventivo,revisar alimentación
10,Bosque Alto,Yolombó,Leche + caña forrajera,49,2025-12-08,2887,343,267,1750667,109.4,19.7,50,sin novedad,operación estable
1,La Esperanza,San Pedro,Leche + maíz,50,2025-12-15,1351,192,114,690821,87.4,17.6,25,sin novedad,operación estable
2,El Progreso,Entrerríos,Leche + sorgo,50,2025-12-15,1369,206,107,823396,99.7,18.0,29,control preventivo,revisar alimentación
3,Santa Lucía,Yarumal,Leche + maíz,50,2025-12-15,1948,195,132,1124158,106.4,17.6,31,control preventivo,operación estable
4,Monte Verde,Santa Rosa,Leche + papa forrajera,50,2025-12-15,1913,231,147,1181518,96.6,18.2,36,sin novedad,operación estable
5,La Pradera,Donmatías,Leche + maíz,50,2025-12-15,2159,246,175,1053549,119.6,19.1,37,observación,control sanitario
6,Altos del Río,Belmira,Leche + pastos,50,2025-12-15,1798,253,177,1005604,111.8,17.5,37,sin novedad,revisar alimentación
7,Villa Norte,Carolina,Leche + sorgo,50,2025-12-15,1998,307,197,1243545,109.3,18.4,39,observación,control sanitario
8,Buenavista,Gómez Plata,Leche + maíz,50,2025-12-15,2526,317,240,1448602,119.7,18.0,47,control preventivo,operación estable
9,Loma Clara,Angostura,Leche + pastos,50,2025-12-15,2336,324,236,1393339,123.9,19.2,47,sin novedad,revisar alimentación
10,Bosque Alto,Yolombó,Leche + caña forrajera,50,2025-12-15,2702,350,271,1703523,105.5,19.4,54,sin novedad,operación estable
1,La Esperanza,San Pedro,Leche + maíz,51,2025-12-22,1168,152,119,796502,108.9,19.2,23,sin novedad,operación estable
2,El Progreso,Entrerríos,Leche + sorgo,51,2025-12-22,1705,188,141,1068202,127.3,18.0,29,sin novedad,operación estable
3,Santa Lucía,Yarumal,Leche + maíz,51,2025-12-22,1645,197,139,806250,99.9,18.0,30,sin novedad,operación estable
4,Monte Verde,Santa Rosa,Leche + papa forrajera,51,2025-12-22,1926,235,145,1043851,123.2,18.6,33,sin novedad,operación estable
5,La Pradera,Donmatías,Leche + maíz,51,2025-12-22,1802,244,172,1397014,120.8,18.9,37,observación,revisar alimentación
6,Altos del Río,Belmira,Leche + pastos,51,2025-12-22,2327,293,196,1273340,123.0,18.9,39,observación,control sanitario
7,Villa Norte,Carolina,Leche + sorgo,51,2025-12-22,2450,304,204,1418572,98.4,19.5,44,sin novedad,operación estable
8,Buenavista,Gómez Plata,Leche + maíz,51,2025-12-22,2173,283,245,1675790,129.9,18.4,43,seguimiento veterinario,monitorear humedad
9,Loma Clara,Angostura,Leche + pastos,51,2025-12-22,2993,348,265,1509047,133.4,18.1,50,observación,monitorear humedad
10,Bosque Alto,Yolombó,Leche + caña forrajera,51,2025-12-22,2568,333,277,1387278,101.2,19.2,51,observación,control sanitario
1,La Esperanza,San Pedro,Leche + maíz,52,2025-12-29,1297,180,124,820972,99.9,20.2,25,control preventivo,operación estable
2,El Progreso,Entrerríos,Leche + sorgo,52,2025-12-29,1663,191,119,918716,120.8,19.4,28,sin novedad,operación estable
3,Santa Lucía,Yarumal,Leche + maíz,52,2025-12-29,1937,234,137,1255453,124.1,19.5,31,sin novedad,operación estable
4,Monte Verde,Santa Rosa,Leche + papa forrajera,52,2025-12-29,1525,212,172,925316,101.4,20.1,30,control preventivo,operación estable
5,La Pradera,Donmatías,Leche + maíz,52,2025-12-29,1636,235,170,984839,113.0,19.0,33,observación,revisar alimentación
6,Altos del Río,Belmira,Leche + pastos,52,2025-12-29,2117,291,212,1114858,118.0,19.4,37,sin novedad,operación estable
7,Villa Norte,Carolina,Leche + sorgo,52,2025-12-29,2576,295,228,1265208,132.2,18.2,45,seguimiento veterinario,monitorear humedad
8,Buenavista,Gómez Plata,Leche + maíz,52,2025-12-29,2387,324,227,1732945,100.1,19.2,44,control preventivo,operación estable
9,Loma Clara,Angostura,Leche + pastos,52,2025-12-29,2606,328,252,1838413,117.7,18.6,47,observación,control sanitario
10,Bosque Alto,Yolombó,Leche + caña forrajera,52,2025-12-29,3363,341,278,1747814,106.8,18.7,54,sin novedad,operación estable
